,Job,Company,Location,Experience,Pay,Posted on
0,Manager – Business Risk Review  (Internal Audit Function),"Albaraka Bank Pakistan Ltd,",Karachi,6 Years,N/A,"Aug 06, 2025"
1,Data Analysis Specialist,"Silent Alpha,",Lahore,1 Year,30K - 45K,"Aug 06, 2025"
2,Manager Accounts,"Ravi Group of Companies,",Lahore,5 Years,90K - 100K,"Aug 06, 2025"
3,Business Development Officer,"Allied Bank,",", Pakistan",Fresh,35K - 50K,"Aug 06, 2025"
4,Sales / Marketing Executive,"Forever Business,",Lahore,1 Year,40K - 70K,"Aug 06, 2025"
5,Assistant Manager - HR,"AA Exchange Company (Pvt) Ltd.,",Islamabad,6 Years,90K - 100K,"Aug 05, 2025"
6,Phone Banking Officer - (Third Party Contract),"Habib Bank Limited (HBL),",", Pakistan",Fresh,N/A,"Aug 05, 2025"
7,Teller,"Ravi Group of Companies,",Kohat,1 Year,N/A,"Aug 05, 2025"
8,Banking Services Manager,"Mobilink Bank,",Moro,N/A,N/A,"Aug 05, 2025"
9,Relationship Officer Asset Sales,"Mobilink Bank,",", Pakistan",N/A,N/A,"Aug 05, 2025"
10,Relationship Officer Asset Sales,"Mobilink Bank,",", Pakistan",N/A,N/A,"Aug 05, 2025"
11,Data Entry Operator,"AA Exchange Company (Pvt) Ltd.,",Islamabad,Fresh,N/A,"Aug 04, 2025"
12,Head of Marketing Strategy & Branding,"The Bank of Punjab (BOP),",Lahore,9 Years,N/A,"Aug 04, 2025"
13,Office Boy,"AA Exchange Company (Pvt) Ltd.,",Islamabad,Fresh,N/A,"Aug 04, 2025"
14,Teller / Senior Teller,"Ravi Group of Companies,",Lahore,Fresh,35K - 40K,"Aug 04, 2025"
15,Relationship Officer Deposit Banking,"Mobilink Bank,",Islamabad,N/A,N/A,"Aug 04, 2025"
16,Branch Manager,"Mobilink Bank,",Alipur,N/A,N/A,"Aug 04, 2025"
17,General Banking Officer,"Mobilink Bank,",", Pakistan",N/A,N/A,"Aug 04, 2025"
18,Relationship Manager SME,"Mobilink Bank,",", Pakistan",N/A,N/A,"Aug 04, 2025"
19,Teller,"Ravi Group of Companies,",Okara,1 Year,N/A,"Aug 01, 2025"
20,Business Analyst - CBS,"NRSP Microfinance Bank Limited,",Islamabad,2 Years,N/A,"Aug 01, 2025"
21,Banking Services Manager,"Mobilink Bank,",Karachi,N/A,N/A,"Aug 01, 2025"
22,Relationship Officer SME,"Mobilink Bank,",Quetta,N/A,N/A,"Aug 01, 2025"
23,Senior Manager Field Collections (North Punjab & South Punjab),"The Bank of Punjab (BOP),",", Pakistan",5 Years,N/A,"Jul 31, 2025"
24,Manager – ERP & Process Improvement,"U Microfinance Bank,",Islamabad,5 Years,N/A,"Jul 31, 2025"
25,Unit Head Field Collections & Recoveries,"The Bank of Punjab (BOP),",Lahore,7 Years,N/A,"Jul 31, 2025"
26,Accounts Intern,"AA Exchange Company (Pvt) Ltd.,",Islamabad,Fresh,N/A,"Jul 31, 2025"
27,Branch Manager,"Mobilink Bank,",Shorkot,N/A,N/A,"Jul 31, 2025"
28,General Banking Officer,"Mobilink Bank,",Karachi,N/A,N/A,"Jul 31, 2025"
29,Relationship Officer Asset Sales,"Mobilink Bank,",Muzaffargarh,N/A,N/A,"Jul 31, 2025"
30,General Banking Officer,"Mobilink Bank,",Dina,N/A,N/A,"Jul 31, 2025"
31,Relationship Officer Asset Sales,"Mobilink Bank,",Islamabad,N/A,N/A,"Jul 31, 2025"
32,Data Entry Operator,"AA Exchange Company (Pvt) Ltd.,",Okara,Fresh,N/A,"Jul 30, 2025"
33,Manager Operational Risk,"U Microfinance Bank,",Islamabad,3 Years,N/A,"Jul 30, 2025"
34,Assistant Manager Operational Risk,"U Microfinance Bank,",Islamabad,3 Years,N/A,"Jul 30, 2025"
35,Teller,"Ravi Group of Companies,",Kalar Syedian,1 Year,N/A,"Jul 30, 2025"
36,Teller,"Ravi Group of Companies,",Gujar Khan,1 Year,N/A,"Jul 30, 2025"
37,Teller,"Ravi Group of Companies,",Rawalpindi,1 Year,N/A,"Jul 30, 2025"
38,Regional Inspector,"AA Exchange Company (Pvt) Ltd.,",Islamabad,1 Year,N/A,"Jul 30, 2025"
39,Relationship Officer Deposit Banking,"Mobilink Bank,",Chitral,N/A,N/A,"Jul 30, 2025"
40,Analyst Bank Reconciliation,"Mobilink Bank,",Islamabad,N/A,N/A,"Jul 30, 2025"
41,Relationship Officer Asset Sales,"Mobilink Bank,",", Pakistan",N/A,N/A,"Jul 30, 2025"
42,Relationship Officer SME,"Mobilink Bank,",Mansehra,N/A,N/A,"Jul 30, 2025"
43,Relationship Officer SME,"Mobilink Bank,",Mardan,N/A,N/A,"Jul 30, 2025"
44,Relationship Officer SME,"Mobilink Bank,",Mardan,N/A,N/A,"Jul 30, 2025"
45,Loan Officer - ME / Housing,"Khushhali Microfinance Bank Limited - (KMBL),",", Pakistan",Fresh,40K - 50K,"Jul 29, 2025"
46,Auditor,"AA Exchange Company (Pvt) Ltd.,",Sialkot,2 Years,N/A,"Jul 29, 2025"
47,AML Analyst,"Mobilink Bank,",Islamabad,N/A,N/A,"Jul 29, 2025"
48,Manager AML/CFT,"Mobilink Bank,",Islamabad,N/A,N/A,"Jul 29, 2025"
49,Executive Manager Branch Operations,"Mobilink Bank,",Islamabad,N/A,N/A,"Jul 29, 2025"
50,Relationship Officer Asset Sales,"Mobilink Bank,",Layyah,N/A,N/A,"Jul 29, 2025"
51,Manager Marketing Communication / Branding,"LOLC Microfinance Bank,",Rawalpindi,5 Years,N/A,"Jul 28, 2025"
52,Teller,"Ravi Group of Companies,",Hari Pur,1 Year,N/A,"Jul 28, 2025"
53,Teller,"Ravi Group of Companies,",", Pakistan",Fresh,N/A,"Jul 28, 2025"
54,Relationship Executive,"United Bank Limited (UBL),",", Pakistan",Fresh,45K - 60K,"Jul 25, 2025"
55,Business Development Officer - Liability / Deposit Sales,"Khushhali Microfinance Bank Limited - (KMBL),",", Pakistan",1 Year,N/A,"Jul 25, 2025"
56,Officer Reconciliation / Settlement,"U Microfinance Bank,",Islamabad,3 Years,N/A,"Jul 24, 2025"
57,Secretary / Office Assistant,Karachi,", Pakistan",2 Years,N/A,"Jul 24, 2025"
58,Teller,"Ravi Group of Companies,",Mandi Bahauddin,1 Year,N/A,"Jul 24, 2025"
59,Regional Internal Auditor,"AA Exchange Company (Pvt) Ltd.,",Sialkot,1 Year,N/A,"Jul 24, 2025"
60,Unit Head Analytics & Digitalization (Finance Group),"The Bank of Punjab (BOP),",Lahore,10 Years,N/A,"Jul 23, 2025"
61,Customer Support Trainee Officer,"Bank Al Habib Limited,",", Pakistan",Fresh,N/A,"Jul 22, 2025"
62,Business Development Manager,"Ravi Group of Companies,",Lahore,3 Years,N/A,"Jul 21, 2025"
63,Head Digital Customer Care (Information Technology Group),"The Bank of Punjab (BOP),",Lahore,10 Years,N/A,"Jul 21, 2025"
64,Unit Head Corporate Affairs / Company Secretariat,"U Microfinance Bank,",Islamabad,7 Years,N/A,"Jul 20, 2025"
65,Officer Grade - IV Non - Graduate Program,"United Bank Limited (UBL),",", Pakistan",Fresh,N/A,"Jul 18, 2025"
66,Branch Manager,"LOLC Microfinance Bank,",Islamabad,4 Years,N/A,"Jul 18, 2025"
67,Relationship Manager - Liability,"U Microfinance Bank,",Kamalia,2 Years,N/A,"Jul 17, 2025"
68,Unit Head - Credit Portfolio Analytics (CAR/IFRS9),"Albaraka Bank Pakistan Ltd,",Karachi,16 Years,N/A,"Jul 17, 2025"
69,Software Engineer - .NET Technologies,"Taleem Finance Company Ltd.,",Lahore,1 Year,N/A,"Jul 17, 2025"
70,Business Development Officer,"U Microfinance Bank,",", Pakistan",Fresh,N/A,"Jul 16, 2025"
71,Relationship Officer Asset,"U Microfinance Bank,",", Pakistan",2 Years,N/A,"Jul 16, 2025"
72,Branch Manager,"U Microfinance Bank,",Jhelum,3 Years,N/A,"Jul 16, 2025"
73,Automotive Parts Executive,"Ravi Group of Companies,",Lahore,3 Years,35K - 40K,"Jul 16, 2025"
74,Special Assets Management Manager,"First Punjab Modaraba,",Lahore,3 Years,N/A,"Jul 16, 2025"
75,SME Credit Analyst,"Albaraka Bank Pakistan Ltd,",Karachi,2 Years,N/A,"Jul 15, 2025"
76,CCTV Supervisor,"AA Exchange Company (Pvt) Ltd.,",Islamabad,4 Years,40K - 50K,"Jul 15, 2025"
77,Business Development Banker,"Bank Al Habib Limited,",", Pakistan",1 Year,N/A,"Jul 14, 2025"
78,Assistant Manager - Human Resource,"AA Exchange Company (Pvt) Ltd.,",Islamabad,7 Years,N/A,"Jul 12, 2025"
79,Marketing Executive,"Azee Securities (Pvt) Ltd.,",Karachi,1 Year,50K - 100K,"Jul 12, 2025"
80,Recovery Officer,"Easypaisa Bank Limited,",Karachi,Fresh,35K - 40K,"Jul 11, 2025"
81,Regional Inspector,"AA Exchange Company (Pvt) Ltd.,",Lahore,Less than 1 Year,N/A,"Jul 11, 2025"
82,Senior Officer Compliance,"Al Meezan Investment Management Ltd,",Islamabad,2 Years,N/A,"Jul 10, 2025"
83,Branch Manager - Liability,"Easypaisa Bank Limited,",Karachi,5 Years,N/A,"Jul 10, 2025"
84,Director of Finance,"Nova Finance,",Islamabad,5 Years,N/A,"Jul 10, 2025"
85,Call-Center Officer,"Al Meezan Investment Management Ltd,",Karachi,1 Year,N/A,"Jul 10, 2025"
86,Branch Manager,"Faysal Bank Limited,",", Pakistan",5 Years,N/A,"Jul 09, 2025"
87,IT Support Engineer,"State Bank of Pakistan.,",Karachi,2 Years,N/A,"Jul 09, 2025"
88,Laravel / PHP / Backend Developer,"Kwiik Pay,",", Pakistan",5 Years,400K - 500K,"Jul 07, 2025"
89,Customer Service Officer,"U Microfinance Bank,",", Pakistan",1 Year,N/A,"Jul 07, 2025"
90,Customer Service Officer,"U Microfinance Bank,",", Pakistan",2 Years,N/A,"Jul 07, 2025"
91,Assistant Manager – Home Remittance,"Albaraka Bank Pakistan Ltd,",Karachi,2 Years,N/A,"Jul 04, 2025"
92,Manager – Business Risk Review  (Internal Audit Function),"Albaraka Bank Pakistan Ltd,",Karachi,6 Years,N/A,"Jun 30, 2025"
93,Portfolio Manager Cards - Digital Banking Group,"Albaraka Bank Pakistan Ltd,",Karachi,4 Years,N/A,"Jun 26, 2025"
94,Relationship Officer Asset Sales,"Mobilink Bank,",", Pakistan",N/A,N/A,"Apr 18, 2025"
95,Branch Manager,"Mobilink Bank,",", Pakistan",N/A,N/A,"Apr 08, 2025"
96,Relationship Officer Deposit Banking,"Mobilink Bank,",Lahore,N/A,N/A,"Feb 28, 2025"
97,Relationship Officer Deposit Banking,"Mobilink Bank,",Lahore,N/A,N/A,"Feb 03, 2025"
98,Relationship Manager SME,"Mobilink Bank,",Karachi,N/A,N/A,"Jan 24, 2025"
